,Trip.ID,Duration,Start.time,End.time,Starting.Station.ID,Starting.Station.Latitude,Starting.Station.Longitude,Ending.Station.ID,Ending.Station.Latitude,Ending.Station.Longitude,Bike.ID,Plan.Duration,Trip.Route.Category,Passholder.Type,Starting.Lat.Long,Ending.Lat.Long,Start.Time.NEW,order
1,2112527,420,7/9/16 06:48,7/9/16 06:55,3062,34.0477486,-118.24317,3063,34.0491982,-118.25283,6728,30,One Way,Monthly Pass,"{'longitude': '-118.24317', 'latitude': '34.0477486', 'needs_recoding': False}","{'longitude': '-118.25283', 'latitude': '34.0491982', 'needs_recoding': False}",7/9/16 06:48,1
2,2152800,2700,7/9/16 15:02,7/9/16 15:47,3063,34.0491982,-118.25283,3055,34.0441589,-118.25158,6728,365,One Way,Flex Pass,"{'longitude': '-118.25283', 'latitude': '34.0491982', 'needs_recoding': False}","{'longitude': '-118.25158', 'latitude': '34.0441589', 'needs_recoding': False}",7/9/16 15:02,2
3,2164020,600,7/9/16 17:41,7/9/16 17:51,3055,34.0441589,-118.25158,3030,34.0519409,-118.24353,6728,30,One Way,Monthly Pass,"{'longitude': '-118.25158', 'latitude': '34.0441589', 'needs_recoding': False}","{'longitude': '-118.24353', 'latitude': '34.0519409', 'needs_recoding': False}",7/9/16 17:41,3
4,2370219,300,7/11/16 00:37,7/11/16 00:42,3018,34.0437317,-118.26014,3056,34.0374603,-118.26538,6728,365,One Way,Flex Pass,"{'longitude': '-118.26014', 'latitude': '34.0437317', 'needs_recoding': False}","{'longitude': '-118.26538', 'latitude': '34.0374603', 'needs_recoding': False}",7/11/16 00:37,4
5,2463118,1500,7/11/16 13:15,7/11/16 13:40,3056,34.0374603,-118.26538,3056,34.0374603,-118.26538,6728,30,Round Trip,Monthly Pass,"{'longitude': '-118.26538', 'latitude': '34.0374603', 'needs_recoding': False}","{'longitude': '-118.26538', 'latitude': '34.0374603', 'needs_recoding': False}",7/11/16 13:15,5
6,2508115,1500,7/11/16 19:26,7/11/16 19:51,3056,34.0374603,-118.26538,3056,34.0374603,-118.26538,6728,30,Round Trip,Monthly Pass,"{'longitude': '-118.26538', 'latitude': '34.0374603', 'needs_recoding': False}","{'longitude': '-118.26538', 'latitude': '34.0374603', 'needs_recoding': False}",7/11/16 19:26,6
7,3807433,1380,7/20/16 08:08,7/20/16 08:31,3056,34.0374603,-118.26538,3036,34.0391884,-118.23253,6728,30,One Way,Monthly Pass,"{'longitude': '-118.26538', 'latitude': '34.0374603', 'needs_recoding': False}","{'longitude': '-118.23253', 'latitude': '34.0391884', 'needs_recoding': False}",7/20/16 08:08,7
8,3848315,360,7/20/16 18:05,7/20/16 18:11,3036,34.0391884,-118.23253,3021,34.0456085,-118.23703,6728,30,One Way,Monthly Pass,"{'longitude': '-118.23253', 'latitude': '34.0391884', 'needs_recoding': False}","{'longitude': '-118.23703', 'latitude': '34.0456085', 'needs_recoding': False}",7/20/16 18:05,8
9,3941798,1140,7/21/16 19:16,7/21/16 19:35,3021,34.0456085,-118.23703,3064,34.0468102,-118.25698,6728,365,One Way,Flex Pass,"{'longitude': '-118.23703', 'latitude': '34.0456085', 'needs_recoding': False}","{'longitude': '-118.25698', 'latitude': '34.0468102', 'needs_recoding': False}",7/21/16 19:16,9
10,3953789,960,7/21/16 22:10,7/21/16 22:26,3064,34.0468102,-118.25698,3014,34.0566101,-118.23721,6728,30,One Way,Monthly Pass,"{'longitude': '-118.25698', 'latitude': '34.0468102', 'needs_recoding': False}","{'longitude': '-118.23721', 'latitude': '34.0566101', 'needs_recoding': False}",7/21/16 22:10,10
11,3985191,1260,7/22/16 07:27,7/22/16 07:48,3014,34.0566101,-118.23721,3052,34.0511017,-118.26456,6728,30,One Way,Monthly Pass,"{'longitude': '-118.23721', 'latitude': '34.0566101', 'needs_recoding': False}","{'longitude': '-118.26456', 'latitude': '34.0511017', 'needs_recoding': False}",7/22/16 07:27,11
12,4683187,480,7/26/16 10:30,7/26/16 10:38,3052,34.0511017,-118.26456,3035,34.0484009,-118.26095,6728,30,One Way,Monthly Pass,"{'longitude': '-118.26456', 'latitude': '34.0511017', 'needs_recoding': False}","{'longitude': '-118.26095', 'latitude': '34.0484009', 'needs_recoding': False}",7/26/16 10:30,12
13,4682398,420,7/27/16 13:30,7/27/16 13:37,3067,34.0451813,-118.25024,3067,34.0451813,-118.25024,6728,30,Round Trip,Monthly Pass,"{'longitude': '-118.25024', 'latitude': '34.0451813', 'needs_recoding': False}","{'longitude': '-118.25024', 'latitude': '34.0451813', 'needs_recoding': False}",7/27/16 13:30,13
14,4682388,1380,7/27/16 13:40,7/27/16 14:03,3067,34.0451813,-118.25024,3038,34.0468216,-118.24835,6728,30,One Way,Monthly Pass,"{'longitude': '-118.25024', 'latitude': '34.0451813', 'needs_recoding': False}","{'longitude': '-118.24835', 'latitude': '34.0468216', 'needs_recoding': False}",7/27/16 13:40,14
15,4681262,360,7/28/16 21:52,7/28/16 21:58,3051,34.0454216,-118.25352,3038,34.0468216,-118.24835,6728,30,One Way,Monthly Pass,"{'longitude': '-118.25352', 'latitude': '34.0454216', 'needs_recoding': False}","{'longitude': '-118.24835', 'latitude': '34.0468216', 'needs_recoding': False}",7/28/16 21:52,15
16,4706562,660,7/29/16 08:18,7/29/16 08:29,3038,34.0468216,-118.24835,3066,34.0633888,-118.23616,6728,30,One Way,Monthly Pass,"{'longitude': '-118.24835', 'latitude': '34.0468216', 'needs_recoding': False}","{'longitude': '-118.23616', 'latitude': '34.0633888', 'needs_recoding': False}",7/29/16 08:18,16
17,4706550,420,7/29/16 08:31,7/29/16 08:38,3066,34.0633888,-118.23616,3016,34.0528984,-118.24156,6728,30,One Way,Monthly Pass,"{'longitude': '-118.23616', 'latitude': '34.0633888', 'needs_recoding': False}","{'longitude': '-118.24156', 'latitude': '34.0528984', 'needs_recoding': False}",7/29/16 08:31,17
18,4706507,480,7/29/16 09:24,7/29/16 09:32,3016,34.0528984,-118.24156,3021,34.0456085,-118.23703,6728,30,One Way,Monthly Pass,"{'longitude': '-118.24156', 'latitude': '34.0528984', 'needs_recoding': False}","{'longitude': '-118.23703', 'latitude': '34.0456085', 'needs_recoding': False}",7/29/16 09:24,18
19,4798843,780,8/2/16 17:54,8/2/16 18:07,3059,34.0379486,-118.25627,3010,34.0370483,-118.25487,6728,0,One Way,Walk-up,"{'longitude': '-118.25627', 'latitude': '34.0379486', 'needs_recoding': False}","{'longitude': '-118.25487', 'latitude': '34.0370483', 'needs_recoding': False}",8/2/16 17:54,19
20,4907538,360,8/6/16 10:49,8/6/16 10:55,3018,34.0437317,-118.26014,3063,34.0491982,-118.25283,6728,365,One Way,Flex Pass,"{'longitude': '-118.26014', 'latitude': '34.0437317', 'needs_recoding': False}","{'longitude': '-118.25283', 'latitude': '34.0491982', 'needs_recoding': False}",8/6/16 10:49,20
21,4907388,1020,8/6/16 12:56,8/6/16 13:13,3063,34.0491982,-118.25283,3042,34.0493011,-118.23881,6728,0,One Way,Walk-up,"{'longitude': '-118.25283', 'latitude': '34.0491982', 'needs_recoding': False}","{'longitude': '-118.23881', 'latitude': '34.0493011', 'needs_recoding': False}",8/6/16 12:56,21
22,4907126,4440,8/6/16 16:38,8/6/16 17:52,3042,34.0493011,-118.23881,3042,34.0493011,-118.23881,6728,0,Round Trip,Walk-up,"{'longitude': '-118.23881', 'latitude': '34.0493011', 'needs_recoding': False}","{'longitude': '-118.23881', 'latitude': '34.0493011', 'needs_recoding': False}",8/6/16 16:38,22
23,4907036,900,8/6/16 18:02,8/6/16 18:17,3042,34.0493011,-118.23881,3062,34.0477486,-118.24317,6728,0,One Way,Walk-up,"{'longitude': '-118.23881', 'latitude': '34.0493011', 'needs_recoding': False}","{'longitude': '-118.24317', 'latitude': '34.0477486', 'needs_recoding': False}",8/6/16 18:02,23
24,4909009,480,8/7/16 13:24,8/7/16 13:32,3062,34.0477486,-118.24317,3048,34.0416908,-118.23535,6728,30,One Way,Monthly Pass,"{'longitude': '-118.24317', 'latitude': '34.0477486', 'needs_recoding': False}","{'longitude': '-118.23535', 'latitude': '34.0416908', 'needs_recoding': False}",8/7/16 13:24,24
25,4908463,1500,8/7/16 19:48,8/7/16 20:13,3048,34.0416908,-118.23535,3048,34.0416908,-118.23535,6728,0,Round Trip,Walk-up,"{'longitude': '-118.23535', 'latitude': '34.0416908', 'needs_recoding': False}","{'longitude': '-118.23535', 'latitude': '34.0416908', 'needs_recoding': False}",8/7/16 19:48,25
26,4919951,1380,8/8/16 19:40,8/8/16 20:03,3048,34.0416908,-118.23535,3027,34.0499802,-118.24716,6728,30,One Way,Monthly Pass,"{'longitude': '-118.23535', 'latitude': '34.0416908', 'needs_recoding': False}","{'longitude': '-118.24716', 'latitude': '34.0499802', 'needs_recoding': False}",8/8/16 19:40,26
27,4932050,900,8/9/16 06:39,8/9/16 06:54,3027,34.0499802,-118.24716,3057,34.0356789,-118.27081,6728,30,One Way,Monthly Pass,"{'longitude': '-118.24716', 'latitude': '34.0499802', 'needs_recoding': False}","{'longitude': '-118.27081', 'latitude': '34.0356789', 'needs_recoding': False}",8/9/16 06:39,27
28,4933000,240,8/9/16 07:49,8/9/16 07:53,3057,34.0356789,-118.27081,3056,34.0374603,-118.26538,6728,30,One Way,Monthly Pass,"{'longitude': '-118.27081', 'latitude': '34.0356789', 'needs_recoding': False}","{'longitude': '-118.26538', 'latitude': '34.0374603', 'needs_recoding': False}",8/9/16 07:49,28
29,4934022,240,8/9/16 08:03,8/9/16 08:07,3056,34.0374603,-118.26538,3034,34.0420609,-118.26338,6728,30,One Way,Monthly Pass,"{'longitude': '-118.26538', 'latitude': '34.0374603', 'needs_recoding': False}","{'longitude': '-118.26338', 'latitude': '34.0420609', 'needs_recoding': False}",8/9/16 08:03,29
30,4939736,840,8/9/16 13:03,8/9/16 13:17,3034,34.0420609,-118.26338,3034,34.0420609,-118.26338,6728,30,Round Trip,Monthly Pass,"{'longitude': '-118.26338', 'latitude': '34.0420609', 'needs_recoding': False}","{'longitude': '-118.26338', 'latitude': '34.0420609', 'needs_recoding': False}",8/9/16 13:03,30
31,4946910,240,8/9/16 18:33,8/9/16 18:37,3034,34.0420609,-118.26338,3034,34.0420609,-118.26338,6728,30,Round Trip,Monthly Pass,"{'longitude': '-118.26338', 'latitude': '34.0420609', 'needs_recoding': False}","{'longitude': '-118.26338', 'latitude': '34.0420609', 'needs_recoding': False}",8/9/16 18:33,31
32,4948594,840,8/9/16 18:58,8/9/16 19:12,3034,34.0420609,-118.26338,3067,34.0451813,-118.25024,6728,30,One Way,Monthly Pass,"{'longitude': '-118.26338', 'latitude': '34.0420609', 'needs_recoding': False}","{'longitude': '-118.25024', 'latitude': '34.0451813', 'needs_recoding': False}",8/9/16 18:58,32
33,4948580,1200,8/9/16 19:17,8/9/16 19:37,3067,34.0451813,-118.25024,3074,34.0441704,-118.26117,6728,30,One Way,Monthly Pass,"{'longitude': '-118.25024', 'latitude': '34.0451813', 'needs_recoding': False}","{'longitude': '-118.26117', 'latitude': '34.0441704', 'needs_recoding': False}",8/9/16 19:17,33
34,4973363,360,8/10/16 15:00,8/10/16 15:06,3074,34.0441704,-118.26117,3019,34.0386086,-118.26086,6728,30,One Way,Monthly Pass,"{'longitude': '-118.26117', 'latitude': '34.0441704', 'needs_recoding': False}","{'longitude': '-118.26086', 'latitude': '34.0386086', 'needs_recoding': False}",8/10/16 15:00,34
35,4974889,1020,8/10/16 15:49,8/10/16 16:06,3019,34.0386086,-118.26086,3069,34.0508804,-118.24825,6728,0,One Way,Walk-up,"{'longitude': '-118.26086', 'latitude': '34.0386086', 'needs_recoding': False}","{'longitude': '-118.24825', 'latitude': '34.0508804', 'needs_recoding': False}",8/10/16 15:49,35
36,4976475,840,8/10/16 16:56,8/10/16 17:10,3069,34.0508804,-118.24825,3019,34.0386086,-118.26086,6728,0,One Way,Walk-up,"{'longitude': '-118.24825', 'latitude': '34.0508804', 'needs_recoding': False}","{'longitude': '-118.26086', 'latitude': '34.0386086', 'needs_recoding': False}",8/10/16 16:56,36
37,5007632,960,8/11/16 16:42,8/11/16 16:58,3019,34.0386086,-118.26086,3032,34.0498886,-118.25588,6728,30,One Way,Monthly Pass,"{'longitude': '-118.26086', 'latitude': '34.0386086', 'needs_recoding': False}","{'longitude': '-118.25588', 'latitude': '34.0498886', 'needs_recoding': False}",8/11/16 16:42,37
38,5038395,1140,8/12/16 12:21,8/12/16 12:40,3064,34.0468102,-118.25698,3024,34.0577202,-118.24897,6728,30,One Way,Monthly Pass,"{'longitude': '-118.25698', 'latitude': '34.0468102', 'needs_recoding': False}","{'longitude': '-118.24897', 'latitude': '34.0577202', 'needs_recoding': False}",8/12/16 12:21,38
39,5039957,1560,8/12/16 13:27,8/12/16 13:53,3024,34.0577202,-118.24897,3042,34.0493011,-118.23881,6728,0,One Way,Walk-up,"{'longitude': '-118.24897', 'latitude': '34.0577202', 'needs_recoding': False}","{'longitude': '-118.23881', 'latitude': '34.0493011', 'needs_recoding': False}",8/12/16 13:27,39
40,5085570,240,8/12/16 18:45,8/12/16 18:49,3042,34.0493011,-118.23881,3016,34.0528984,-118.24156,6728,30,One Way,Monthly Pass,"{'longitude': '-118.23881', 'latitude': '34.0493011', 'needs_recoding': False}","{'longitude': '-118.24156', 'latitude': '34.0528984', 'needs_recoding': False}",8/12/16 18:45,40
41,5084324,120,8/14/16 03:22,8/14/16 03:24,3030,34.0519409,-118.24353,3016,34.0528984,-118.24156,6728,30,One Way,Monthly Pass,"{'longitude': '-118.24353', 'latitude': '34.0519409', 'needs_recoding': False}","{'longitude': '-118.24156', 'latitude': '34.0528984', 'needs_recoding': False}",8/14/16 03:22,41
42,5082288,120,8/16/16 01:36,8/16/16 01:38,3016,34.0528984,-118.24156,3030,34.0519409,-118.24353,6728,30,One Way,Monthly Pass,"{'longitude': '-118.24156', 'latitude': '34.0528984', 'needs_recoding': False}","{'longitude': '-118.24353', 'latitude': '34.0519409', 'needs_recoding': False}",8/16/16 01:36,42
43,5082281,120,8/16/16 03:10,8/16/16 03:12,3030,34.0519409,-118.24353,3016,34.0528984,-118.24156,6728,30,One Way,Monthly Pass,"{'longitude': '-118.24353', 'latitude': '34.0519409', 'needs_recoding': False}","{'longitude': '-118.24156', 'latitude': '34.0528984', 'needs_recoding': False}",8/16/16 03:10,43
44,5081997,840,8/16/16 12:02,8/16/16 12:16,3016,34.0528984,-118.24156,3016,34.0528984,-118.24156,6728,0,Round Trip,Walk-up,"{'longitude': '-118.24156', 'latitude': '34.0528984', 'needs_recoding': False}","{'longitude': '-118.24156', 'latitude': '34.0528984', 'needs_recoding': False}",8/16/16 12:02,44
45,5081726,1260,8/16/16 16:32,8/16/16 16:53,3016,34.0528984,-118.24156,3019,34.0386086,-118.26086,6728,30,One Way,Monthly Pass,"{'longitude': '-118.24156', 'latitude': '34.0528984', 'needs_recoding': False}","{'longitude': '-118.26086', 'latitude': '34.0386086', 'needs_recoding': False}",8/16/16 16:32,45
46,5061760,360,8/18/16 17:22,8/18/16 17:28,3049,34.0569687,-118.25359,3030,34.0519409,-118.24353,6728,30,One Way,Monthly Pass,"{'longitude': '-118.25359', 'latitude': '34.0569687', 'needs_recoding': False}","{'longitude': '-118.24353', 'latitude': '34.0519409', 'needs_recoding': False}",8/18/16 17:22,46
47,5061064,300,8/19/16 12:49,8/19/16 12:54,3049,34.0569687,-118.25359,3068,34.0531998,-118.25095,6728,0,One Way,Walk-up,"{'longitude': '-118.25359', 'latitude': '34.0569687', 'needs_recoding': False}","{'longitude': '-118.25095', 'latitude': '34.0531998', 'needs_recoding': False}",8/19/16 12:49,47
48,5060098,600,8/20/16 13:16,8/20/16 13:26,3068,34.0531998,-118.25095,3005,34.0485497,-118.25905,6728,0,One Way,Walk-up,"{'longitude': '-118.25095', 'latitude': '34.0531998', 'needs_recoding': False}","{'longitude': '-118.25905', 'latitude': '34.0485497', 'needs_recoding': False}",8/20/16 13:16,48
49,5059815,600,8/20/16 16:49,8/20/16 16:59,3005,34.0485497,-118.25905,3027,34.0499802,-118.24716,6728,30,One Way,Monthly Pass,"{'longitude': '-118.25905', 'latitude': '34.0485497', 'needs_recoding': False}","{'longitude': '-118.24716', 'latitude': '34.0499802', 'needs_recoding': False}",8/20/16 16:49,49
50,5059613,660,8/20/16 20:06,8/20/16 20:17,3027,34.0499802,-118.24716,3078,34.0642815,-118.23894,6728,0,One Way,Walk-up,"{'longitude': '-118.24716', 'latitude': '34.0499802', 'needs_recoding': False}","{'longitude': '-118.23894', 'latitude': '34.0642815', 'needs_recoding': False}",8/20/16 20:06,50
51,5056285,1080,8/24/16 10:13,8/24/16 10:31,3026,34.063179,-118.24588,3014,34.0566101,-118.23721,6728,30,One Way,Monthly Pass,"{'longitude': '-118.24588', 'latitude': '34.063179', 'needs_recoding': False}","{'longitude': '-118.23721', 'latitude': '34.0566101', 'needs_recoding': False}",8/24/16 10:13,51
52,5055720,660,8/24/16 18:36,8/24/16 18:47,3049,34.0569687,-118.25359,3035,34.0484009,-118.26095,6728,0,One Way,Walk-up,"{'longitude': '-118.25359', 'latitude': '34.0569687', 'needs_recoding': False}","{'longitude': '-118.26095', 'latitude': '34.0484009', 'needs_recoding': False}",8/24/16 18:36,52
53,5055687,480,8/24/16 19:10,8/24/16 19:18,3035,34.0484009,-118.26095,3049,34.0569687,-118.25359,6728,0,One Way,Walk-up,"{'longitude': '-118.26095', 'latitude': '34.0484009', 'needs_recoding': False}","{'longitude': '-118.25359', 'latitude': '34.0569687', 'needs_recoding': False}",8/24/16 19:10,53
54,5054198,1080,8/26/16 11:44,8/26/16 12:02,3049,34.0569687,-118.25359,3024,34.0577202,-118.24897,6728,365,One Way,Flex Pass,"{'longitude': '-118.25359', 'latitude': '34.0569687', 'needs_recoding': False}","{'longitude': '-118.24897', 'latitude': '34.0577202', 'needs_recoding': False}",8/26/16 11:44,54
55,5053913,900,8/26/16 15:11,8/26/16 15:26,3024,34.0577202,-118.24897,3052,34.0511017,-118.26456,6728,30,One Way,Monthly Pass,"{'longitude': '-118.24897', 'latitude': '34.0577202', 'needs_recoding': False}","{'longitude': '-118.26456', 'latitude': '34.0511017', 'needs_recoding': False}",8/26/16 15:11,55
56,5053436,300,8/26/16 23:23,8/26/16 23:28,3052,34.0511017,-118.26456,3055,34.0441589,-118.25158,6728,30,One Way,Monthly Pass,"{'longitude': '-118.26456', 'latitude': '34.0511017', 'needs_recoding': False}","{'longitude': '-118.25158', 'latitude': '34.0441589', 'needs_recoding': False}",8/26/16 23:23,56
57,5052624,1080,8/27/16 21:06,8/27/16 21:24,3038,34.0468216,-118.24835,3038,34.0468216,-118.24835,6728,0,Round Trip,Walk-up,"{'longitude': '-118.24835', 'latitude': '34.0468216', 'needs_recoding': False}","{'longitude': '-118.24835', 'latitude': '34.0468216', 'needs_recoding': False}",8/27/16 21:06,57
58,5050696,660,8/30/16 11:59,8/30/16 12:10,3024,34.0577202,-118.24897,3022,34.0460701,-118.23309,6728,30,One Way,Monthly Pass,"{'longitude': '-118.24897', 'latitude': '34.0577202', 'needs_recoding': False}","{'longitude': '-118.23309', 'latitude': '34.0460701', 'needs_recoding': False}",8/30/16 11:59,58
59,5049219,1860,8/31/16 20:45,8/31/16 21:16,3038,34.0468216,-118.24835,3038,34.0468216,-118.24835,6728,0,Round Trip,Walk-up,"{'longitude': '-118.24835', 'latitude': '34.0468216', 'needs_recoding': False}","{'longitude': '-118.24835', 'latitude': '34.0468216', 'needs_recoding': False}",8/31/16 20:45,59
60,5047794,1440,9/2/16 11:13,9/2/16 11:37,3038,34.0468216,-118.24835,3076,34.0405998,-118.25384,6728,30,One Way,Monthly Pass,"{'longitude': '-118.24835', 'latitude': '34.0468216', 'needs_recoding': False}","{'longitude': '-118.25384', 'latitude': '34.0405998', 'needs_recoding': False}",9/2/16 11:13,60
61,5047771,1320,9/2/16 11:37,9/2/16 11:59,3076,34.0405998,-118.25384,3007,34.0504799,-118.25459,6728,30,One Way,Monthly Pass,"{'longitude': '-118.25384', 'latitude': '34.0405998', 'needs_recoding': False}","{'longitude': '-118.25459', 'latitude': '34.0504799', 'needs_recoding': False}",9/2/16 11:37,61
62,5045103,2820,9/3/16 13:17,9/3/16 14:04,3007,34.0504799,-118.25459,3082,34.0465202,-118.23741,6728,0,One Way,Walk-up,"{'longitude': '-118.25459', 'latitude': '34.0504799', 'needs_recoding': False}","{'longitude': '-118.23741', 'latitude': '34.0465202', 'needs_recoding': False}",9/3/16 13:17,62
63,5044965,900,9/3/16 15:33,9/3/16 15:48,3069,34.0508804,-118.24825,3076,34.0405998,-118.25384,6728,0,One Way,Walk-up,"{'longitude': '-118.24825', 'latitude': '34.0508804', 'needs_recoding': False}","{'longitude': '-118.25384', 'latitude': '34.0405998', 'needs_recoding': False}",9/3/16 15:33,63
64,5044607,1380,9/3/16 22:38,9/3/16 23:01,3076,34.0405998,-118.25384,3076,34.0405998,-118.25384,6728,0,Round Trip,Walk-up,"{'longitude': '-118.25384', 'latitude': '34.0405998', 'needs_recoding': False}","{'longitude': '-118.25384', 'latitude': '34.0405998', 'needs_recoding': False}",9/3/16 22:38,64
65,5044530,2280,9/4/16 09:05,9/4/16 09:43,3076,34.0405998,-118.25384,3076,34.0405998,-118.25384,6728,0,Round Trip,Walk-up,"{'longitude': '-118.25384', 'latitude': '34.0405998', 'needs_recoding': False}","{'longitude': '-118.25384', 'latitude': '34.0405998', 'needs_recoding': False}",9/4/16 09:05,65
66,5044466,1200,9/4/16 11:28,9/4/16 11:48,3076,34.0405998,-118.25384,3076,34.0405998,-118.25384,6728,0,Round Trip,Walk-up,"{'longitude': '-118.25384', 'latitude': '34.0405998', 'needs_recoding': False}","{'longitude': '-118.25384', 'latitude': '34.0405998', 'needs_recoding': False}",9/4/16 11:28,66
67,5044403,3600,9/4/16 12:42,9/4/16 13:42,3076,34.0405998,-118.25384,3051,34.0454216,-118.25352,6728,0,One Way,Walk-up,"{'longitude': '-118.25384', 'latitude': '34.0405998', 'needs_recoding': False}","{'longitude': '-118.25352', 'latitude': '34.0454216', 'needs_recoding': False}",9/4/16 12:42,67
68,5044185,2460,9/4/16 16:43,9/4/16 17:24,3051,34.0454216,-118.25352,3051,34.0454216,-118.25352,6728,0,Round Trip,Walk-up,"{'longitude': '-118.25352', 'latitude': '34.0454216', 'needs_recoding': False}","{'longitude': '-118.25352', 'latitude': '34.0454216', 'needs_recoding': False}",9/4/16 16:43,68
69,5044038,240,9/4/16 19:44,9/4/16 19:48,3051,34.0454216,-118.25352,3069,34.0508804,-118.24825,6728,30,One Way,Monthly Pass,"{'longitude': '-118.25352', 'latitude': '34.0454216', 'needs_recoding': False}","{'longitude': '-118.24825', 'latitude': '34.0508804', 'needs_recoding': False}",9/4/16 19:44,69
70,5044034,900,9/4/16 19:50,9/4/16 20:05,3069,34.0508804,-118.24825,3037,34.0348015,-118.23128,6728,30,One Way,Monthly Pass,"{'longitude': '-118.24825', 'latitude': '34.0508804', 'needs_recoding': False}","{'longitude': '-118.23128', 'latitude': '34.0348015', 'needs_recoding': False}",9/4/16 19:50,70
71,5043904,1380,9/4/16 23:13,9/4/16 23:36,3037,34.0348015,-118.23128,3031,34.0447006,-118.25244,6728,0,One Way,Walk-up,"{'longitude': '-118.23128', 'latitude': '34.0348015', 'needs_recoding': False}","{'longitude': '-118.25244', 'latitude': '34.0447006', 'needs_recoding': False}",9/4/16 23:13,71
72,5043814,720,9/5/16 09:23,9/5/16 09:35,3031,34.0447006,-118.25244,3014,34.0566101,-118.23721,6728,30,One Way,Monthly Pass,"{'longitude': '-118.25244', 'latitude': '34.0447006', 'needs_recoding': False}","{'longitude': '-118.23721', 'latitude': '34.0566101', 'needs_recoding': False}",9/5/16 09:23,72
73,5172754,720,9/6/16 02:58,9/6/16 03:10,3014,34.0566101,-118.23721,3022,34.0460701,-118.23309,6728,30,One Way,Monthly Pass,"{'longitude': '-118.23721', 'latitude': '34.0566101', 'needs_recoding': False}","{'longitude': '-118.23309', 'latitude': '34.0460701', 'needs_recoding': False}",9/6/16 02:58,73
74,5256474,360,9/6/16 19:14,9/6/16 19:20,3022,34.0460701,-118.23309,3058,34.0358009,-118.23317,6728,30,One Way,Monthly Pass,"{'longitude': '-118.23309', 'latitude': '34.0460701', 'needs_recoding': False}","{'longitude': '-118.23317', 'latitude': '34.0358009', 'needs_recoding': False}",9/6/16 19:14,74
75,5333746,420,9/7/16 09:49,9/7/16 09:56,3058,34.0358009,-118.23317,3082,34.0465202,-118.23741,6728,30,One Way,Monthly Pass,"{'longitude': '-118.23317', 'latitude': '34.0358009', 'needs_recoding': False}","{'longitude': '-118.23741', 'latitude': '34.0465202', 'needs_recoding': False}",9/7/16 09:49,75
76,5384795,480,9/7/16 17:54,9/7/16 18:02,3082,34.0465202,-118.23741,3055,34.0441589,-118.25158,6728,0,One Way,Walk-up,"{'longitude': '-118.23741', 'latitude': '34.0465202', 'needs_recoding': False}","{'longitude': '-118.25158', 'latitude': '34.0441589', 'needs_recoding': False}",9/7/16 17:54,76
77,5390719,600,9/7/16 19:04,9/7/16 19:14,3055,34.0441589,-118.25158,3082,34.0465202,-118.23741,6728,0,One Way,Walk-up,"{'longitude': '-118.25158', 'latitude': '34.0441589', 'needs_recoding': False}","{'longitude': '-118.23741', 'latitude': '34.0465202', 'needs_recoding': False}",9/7/16 19:04,77
78,5537182,1920,9/8/16 21:54,9/8/16 22:26,3027,34.0499802,-118.24716,3042,34.0493011,-118.23881,6728,0,One Way,Walk-up,"{'longitude': '-118.24716', 'latitude': '34.0499802', 'needs_recoding': False}","{'longitude': '-118.23881', 'latitude': '34.0493011', 'needs_recoding': False}",9/8/16 21:54,78
79,5613764,180,9/9/16 13:39,9/9/16 13:42,3064,34.0468102,-118.25698,3018,34.0437317,-118.26014,6728,30,One Way,Monthly Pass,"{'longitude': '-118.25698', 'latitude': '34.0468102', 'needs_recoding': False}","{'longitude': '-118.26014', 'latitude': '34.0437317', 'needs_recoding': False}",9/9/16 13:39,79
80,5613749,420,9/9/16 13:53,9/9/16 14:00,3018,34.0437317,-118.26014,3064,34.0468102,-118.25698,6728,0,One Way,Walk-up,"{'longitude': '-118.26014', 'latitude': '34.0437317', 'needs_recoding': False}","{'longitude': '-118.25698', 'latitude': '34.0468102', 'needs_recoding': False}",9/9/16 13:53,80
81,5787733,780,9/10/16 21:13,9/10/16 21:26,3064,34.0468102,-118.25698,3049,34.0569687,-118.25359,6728,30,One Way,Monthly Pass,"{'longitude': '-118.25698', 'latitude': '34.0468102', 'needs_recoding': False}","{'longitude': '-118.25359', 'latitude': '34.0569687', 'needs_recoding': False}",9/10/16 21:13,81
82,5900808,600,9/11/16 17:54,9/11/16 18:04,3049,34.0569687,-118.25359,3008,34.0466118,-118.26273,6728,30,One Way,Monthly Pass,"{'longitude': '-118.25359', 'latitude': '34.0569687', 'needs_recoding': False}","{'longitude': '-118.26273', 'latitude': '34.0466118', 'needs_recoding': False}",9/11/16 17:54,82
83,5918104,540,9/11/16 21:37,9/11/16 21:46,3008,34.0466118,-118.26273,3076,34.0405998,-118.25384,6728,0,One Way,Walk-up,"{'longitude': '-118.26273', 'latitude': '34.0466118', 'needs_recoding': False}","{'longitude': '-118.25384', 'latitude': '34.0405998', 'needs_recoding': False}",9/11/16 21:37,83
84,5991725,360,9/12/16 10:57,9/12/16 11:03,3076,34.0405998,-118.25384,3080,34.0342102,-118.25459,6728,30,One Way,Monthly Pass,"{'longitude': '-118.25384', 'latitude': '34.0405998', 'needs_recoding': False}","{'longitude': '-118.25459', 'latitude': '34.0342102', 'needs_recoding': False}",9/12/16 10:57,84
85,6556476,840,9/16/16 17:59,9/16/16 18:13,3080,34.0342102,-118.25459,3082,34.0465202,-118.23741,6728,0,One Way,Walk-up,"{'longitude': '-118.25459', 'latitude': '34.0342102', 'needs_recoding': False}","{'longitude': '-118.23741', 'latitude': '34.0465202', 'needs_recoding': False}",9/16/16 17:59,85
86,6562460,240,9/16/16 19:20,9/16/16 19:24,3082,34.0465202,-118.23741,3062,34.0477486,-118.24317,6728,30,One Way,Monthly Pass,"{'longitude': '-118.23741', 'latitude': '34.0465202', 'needs_recoding': False}","{'longitude': '-118.24317', 'latitude': '34.0477486', 'needs_recoding': False}",9/16/16 19:20,86
87,6811509,1560,9/18/16 14:30,9/18/16 14:56,3062,34.0477486,-118.24317,3036,34.0391884,-118.23253,6728,0,One Way,Walk-up,"{'longitude': '-118.24317', 'latitude': '34.0477486', 'needs_recoding': False}","{'longitude': '-118.23253', 'latitude': '34.0391884', 'needs_recoding': False}",9/18/16 14:30,87
88,6854865,1560,9/18/16 21:03,9/18/16 21:29,3036,34.0391884,-118.23253,3048,34.0416908,-118.23535,6728,0,One Way,Walk-up,"{'longitude': '-118.23253', 'latitude': '34.0391884', 'needs_recoding': False}","{'longitude': '-118.23535', 'latitude': '34.0416908', 'needs_recoding': False}",9/18/16 21:03,88
89,6970976,720,9/19/16 16:57,9/19/16 17:09,3048,34.0416908,-118.23535,3014,34.0566101,-118.23721,6728,30,One Way,Monthly Pass,"{'longitude': '-118.23535', 'latitude': '34.0416908', 'needs_recoding': False}","{'longitude': '-118.23721', 'latitude': '34.0566101', 'needs_recoding': False}",9/19/16 16:57,89
90,7002186,1500,9/19/16 21:57,9/19/16 22:22,3014,34.0566101,-118.23721,3052,34.0511017,-118.26456,6728,0,One Way,Walk-up,"{'longitude': '-118.23721', 'latitude': '34.0566101', 'needs_recoding': False}","{'longitude': '-118.26456', 'latitude': '34.0511017', 'needs_recoding': False}",9/19/16 21:57,90
91,7317695,1080,9/22/16 08:03,9/22/16 08:21,3052,34.0511017,-118.26456,3048,34.0416908,-118.23535,6728,30,One Way,Monthly Pass,"{'longitude': '-118.26456', 'latitude': '34.0511017', 'needs_recoding': False}","{'longitude': '-118.23535', 'latitude': '34.0416908', 'needs_recoding': False}",9/22/16 08:03,91
92,7367775,360,9/22/16 17:06,9/22/16 17:12,3048,34.0416908,-118.23535,3042,34.0493011,-118.23881,6728,30,One Way,Monthly Pass,"{'longitude': '-118.23535', 'latitude': '34.0416908', 'needs_recoding': False}","{'longitude': '-118.23881', 'latitude': '34.0493011', 'needs_recoding': False}",9/22/16 17:06,92
93,7500254,1020,9/23/16 17:42,9/23/16 17:59,3064,34.0468102,-118.25698,3037,34.0348015,-118.23128,6728,30,One Way,Monthly Pass,"{'longitude': '-118.25698', 'latitude': '34.0468102', 'needs_recoding': False}","{'longitude': '-118.23128', 'latitude': '34.0348015', 'needs_recoding': False}",9/23/16 17:42,93
94,8374183,720,10/1/16 01:19,10/1/16 01:31,3037,34.034801,-118.231277,3082,34.04652,-118.237411,6728,30,One Way,Monthly Pass,"{'longitude': '-118.231277', 'latitude': '34.034801', 'needs_recoding': False}","{'longitude': '-118.237411', 'latitude': '34.04652', 'needs_recoding': False}",10/1/16 01:19,94
95,8488759,960,10/2/16 01:27,10/2/16 01:43,3082,34.04652,-118.237411,3052,34.051102,-118.264557,6728,0,One Way,Walk-up,"{'longitude': '-118.237411', 'latitude': '34.04652', 'needs_recoding': False}","{'longitude': '-118.264557', 'latitude': '34.051102', 'needs_recoding': False}",10/2/16 01:27,95
96,8689860,600,10/3/16 19:41,10/3/16 19:51,3052,34.051102,-118.264557,3031,34.044701,-118.252441,6728,30,One Way,Monthly Pass,"{'longitude': '-118.264557', 'latitude': '34.051102', 'needs_recoding': False}","{'longitude': '-118.252441', 'latitude': '34.044701', 'needs_recoding': False}",10/3/16 19:41,96
97,8908263,300,10/5/16 15:08,10/5/16 15:13,3051,34.045422,-118.253517,3064,34.04681,-118.256981,6728,30,One Way,Monthly Pass,"{'longitude': '-118.253517', 'latitude': '34.045422', 'needs_recoding': False}","{'longitude': '-118.256981', 'latitude': '34.04681', 'needs_recoding': False}",10/5/16 15:08,97
98,8924242,180,10/5/16 18:44,10/5/16 18:47,3064,34.04681,-118.256981,3031,34.044701,-118.252441,6728,30,One Way,Monthly Pass,"{'longitude': '-118.256981', 'latitude': '34.04681', 'needs_recoding': False}","{'longitude': '-118.252441', 'latitude': '34.044701', 'needs_recoding': False}",10/5/16 18:44,98
99,9032124,1140,10/6/16 15:28,10/6/16 15:47,3031,34.044701,-118.252441,3031,34.044701,-118.252441,6728,30,Round Trip,Monthly Pass,"{'longitude': '-118.252441', 'latitude': '34.044701', 'needs_recoding': False}","{'longitude': '-118.252441', 'latitude': '34.044701', 'needs_recoding': False}",10/6/16 15:28,99
100,9065327,1860,10/6/16 20:54,10/6/16 21:25,3031,34.044701,-118.252441,3031,34.044701,-118.252441,6728,0,Round Trip,Walk-up,"{'longitude': '-118.252441', 'latitude': '34.044701', 'needs_recoding': False}","{'longitude': '-118.252441', 'latitude': '34.044701', 'needs_recoding': False}",10/6/16 20:54,100
101,9156531,840,10/7/16 15:36,10/7/16 15:50,3031,34.044701,-118.252441,3014,34.05661,-118.237213,6728,30,One Way,Monthly Pass,"{'longitude': '-118.252441', 'latitude': '34.044701', 'needs_recoding': False}","{'longitude': '-118.237213', 'latitude': '34.05661', 'needs_recoding': False}",10/7/16 15:36,101
102,9299338,480,10/8/16 18:50,10/8/16 18:58,3068,34.0532,-118.250954,3082,34.04652,-118.237411,6728,30,One Way,Monthly Pass,"{'longitude': '-118.250954', 'latitude': '34.0532', 'needs_recoding': False}","{'longitude': '-118.237411', 'latitude': '34.04652', 'needs_recoding': False}",10/8/16 18:50,102
103,9420706,540,10/9/16 17:27,10/9/16 17:36,3055,34.044159,-118.251579,3035,34.048401,-118.260948,6728,365,One Way,Flex Pass,"{'longitude': '-118.251579', 'latitude': '34.044159', 'needs_recoding': False}","{'longitude': '-118.260948', 'latitude': '34.048401', 'needs_recoding': False}",10/9/16 17:27,103
104,9560699,420,10/10/16 19:56,10/10/16 20:03,3035,34.048401,-118.260948,3067,34.045181,-118.250237,6728,30,One Way,Monthly Pass,"{'longitude': '-118.260948', 'latitude': '34.048401', 'needs_recoding': False}","{'longitude': '-118.250237', 'latitude': '34.045181', 'needs_recoding': False}",10/10/16 19:56,104
105,9560682,720,10/10/16 20:07,10/10/16 20:19,3067,34.045181,-118.250237,3022,34.04607,-118.233093,6728,0,One Way,Walk-up,"{'longitude': '-118.250237', 'latitude': '34.045181', 'needs_recoding': False}","{'longitude': '-118.233093', 'latitude': '34.04607', 'needs_recoding': False}",10/10/16 20:07,105
106,9649592,840,10/11/16 14:39,10/11/16 14:53,3022,34.04607,-118.233093,3031,34.044701,-118.252441,6728,0,One Way,Walk-up,"{'longitude': '-118.233093', 'latitude': '34.04607', 'needs_recoding': False}","{'longitude': '-118.252441', 'latitude': '34.044701', 'needs_recoding': False}",10/11/16 14:39,106
107,9659890,780,10/11/16 15:50,10/11/16 16:03,3031,34.044701,-118.252441,3022,34.04607,-118.233093,6728,30,One Way,Monthly Pass,"{'longitude': '-118.252441', 'latitude': '34.044701', 'needs_recoding': False}","{'longitude': '-118.233093', 'latitude': '34.04607', 'needs_recoding': False}",10/11/16 15:50,107
108,9675617,1620,10/11/16 19:23,10/11/16 19:50,3022,34.04607,-118.233093,3036,34.039188,-118.232529,6728,0,One Way,Walk-up,"{'longitude': '-118.233093', 'latitude': '34.04607', 'needs_recoding': False}","{'longitude': '-118.232529', 'latitude': '34.039188', 'needs_recoding': False}",10/11/16 19:23,108
109,10131391,1500,10/15/16 19:56,10/15/16 20:21,3036,34.039188,-118.232529,3022,34.04607,-118.233093,6728,NA,One Way,Staff Annual,"{'longitude': '-118.232529', 'latitude': '34.039188', 'needs_recoding': False}","{'longitude': '-118.233093', 'latitude': '34.04607', 'needs_recoding': False}",10/15/16 19:56,109
110,10198778,6660,10/16/16 09:55,10/16/16 11:46,3022,34.04607,-118.233093,3078,34.064281,-118.238937,6728,0,One Way,Walk-up,"{'longitude': '-118.233093', 'latitude': '34.04607', 'needs_recoding': False}","{'longitude': '-118.238937', 'latitude': '34.064281', 'needs_recoding': False}",10/16/16 09:55,110
111,10213702,9000,10/16/16 11:54,10/16/16 14:24,3078,34.064281,-118.238937,3030,34.051941,-118.24353,6728,0,One Way,Walk-up,"{'longitude': '-118.238937', 'latitude': '34.064281', 'needs_recoding': False}","{'longitude': '-118.24353', 'latitude': '34.051941', 'needs_recoding': False}",10/16/16 11:54,111
112,10213242,1320,10/16/16 14:29,10/16/16 14:51,3030,34.051941,-118.24353,3008,34.046612,-118.262733,6728,0,One Way,Walk-up,"{'longitude': '-118.24353', 'latitude': '34.051941', 'needs_recoding': False}","{'longitude': '-118.262733', 'latitude': '34.046612', 'needs_recoding': False}",10/16/16 14:29,112
113,10230099,5580,10/16/16 16:19,10/16/16 17:52,3008,34.046612,-118.262733,3069,34.05088,-118.248253,6728,0,One Way,Walk-up,"{'longitude': '-118.262733', 'latitude': '34.046612', 'needs_recoding': False}","{'longitude': '-118.248253', 'latitude': '34.05088', 'needs_recoding': False}",10/16/16 16:19,113
114,10235899,1260,10/16/16 18:23,10/16/16 18:44,3069,34.05088,-118.248253,3035,34.048401,-118.260948,6728,0,One Way,Walk-up,"{'longitude': '-118.248253', 'latitude': '34.05088', 'needs_recoding': False}","{'longitude': '-118.260948', 'latitude': '34.048401', 'needs_recoding': False}",10/16/16 18:23,114
115,10241855,540,10/16/16 19:35,10/16/16 19:44,3035,34.048401,-118.260948,3038,34.046822,-118.248352,6728,365,One Way,Flex Pass,"{'longitude': '-118.260948', 'latitude': '34.048401', 'needs_recoding': False}","{'longitude': '-118.248352', 'latitude': '34.046822', 'needs_recoding': False}",10/16/16 19:35,115
116,10351645,4320,10/17/16 14:41,10/17/16 15:53,3038,34.046822,-118.248352,3038,34.046822,-118.248352,6728,0,Round Trip,Walk-up,"{'longitude': '-118.248352', 'latitude': '34.046822', 'needs_recoding': False}","{'longitude': '-118.248352', 'latitude': '34.046822', 'needs_recoding': False}",10/17/16 14:41,116
117,10357183,840,10/17/16 16:21,10/17/16 16:35,3038,34.046822,-118.248352,3056,34.03746,-118.265381,6728,30,One Way,Monthly Pass,"{'longitude': '-118.248352', 'latitude': '34.046822', 'needs_recoding': False}","{'longitude': '-118.265381', 'latitude': '34.03746', 'needs_recoding': False}",10/17/16 16:21,117
118,10357169,480,10/17/16 16:42,10/17/16 16:50,3056,34.03746,-118.265381,3006,34.04554,-118.256668,6728,30,One Way,Monthly Pass,"{'longitude': '-118.265381', 'latitude': '34.03746', 'needs_recoding': False}","{'longitude': '-118.256668', 'latitude': '34.04554', 'needs_recoding': False}",10/17/16 16:42,118
119,10368423,360,10/17/16 18:21,10/17/16 18:27,3006,34.04554,-118.256668,3055,34.044159,-118.251579,6728,30,One Way,Monthly Pass,"{'longitude': '-118.256668', 'latitude': '34.04554', 'needs_recoding': False}","{'longitude': '-118.251579', 'latitude': '34.044159', 'needs_recoding': False}",10/17/16 18:21,119
120,10448692,600,10/18/16 08:56,10/18/16 09:06,3055,34.044159,-118.251579,3035,34.048401,-118.260948,6728,30,One Way,Monthly Pass,"{'longitude': '-118.251579', 'latitude': '34.044159', 'needs_recoding': False}","{'longitude': '-118.260948', 'latitude': '34.048401', 'needs_recoding': False}",10/18/16 08:56,120
121,10599273,1440,10/19/16 13:04,10/19/16 13:28,3035,34.048401,-118.260948,3030,34.051941,-118.24353,6728,365,One Way,Flex Pass,"{'longitude': '-118.260948', 'latitude': '34.048401', 'needs_recoding': False}","{'longitude': '-118.24353', 'latitude': '34.051941', 'needs_recoding': False}",10/19/16 13:04,121
122,10610232,1200,10/19/16 14:43,10/19/16 15:03,3030,34.051941,-118.24353,3014,34.05661,-118.237213,6728,30,One Way,Monthly Pass,"{'longitude': '-118.24353', 'latitude': '34.051941', 'needs_recoding': False}","{'longitude': '-118.237213', 'latitude': '34.05661', 'needs_recoding': False}",10/19/16 14:43,122
123,10610219,600,10/19/16 15:06,10/19/16 15:16,3014,34.05661,-118.237213,3022,34.04607,-118.233093,6728,30,One Way,Monthly Pass,"{'longitude': '-118.237213', 'latitude': '34.05661', 'needs_recoding': False}","{'longitude': '-118.233093', 'latitude': '34.04607', 'needs_recoding': False}",10/19/16 15:06,123
124,10626943,120,10/19/16 18:45,10/19/16 18:47,3022,34.04607,-118.233093,3082,34.04652,-118.237411,6728,30,One Way,Monthly Pass,"{'longitude': '-118.233093', 'latitude': '34.04607', 'needs_recoding': False}","{'longitude': '-118.237411', 'latitude': '34.04652', 'needs_recoding': False}",10/19/16 18:45,124
125,10696271,900,10/20/16 07:40,10/20/16 07:55,3082,34.04652,-118.237411,3035,34.048401,-118.260948,6728,30,One Way,Monthly Pass,"{'longitude': '-118.237411', 'latitude': '34.04652', 'needs_recoding': False}","{'longitude': '-118.260948', 'latitude': '34.048401', 'needs_recoding': False}",10/20/16 07:40,125
126,10743604,720,10/20/16 16:15,10/20/16 16:27,3035,34.048401,-118.260948,3016,34.052898,-118.241562,6728,30,One Way,Monthly Pass,"{'longitude': '-118.260948', 'latitude': '34.048401', 'needs_recoding': False}","{'longitude': '-118.241562', 'latitude': '34.052898', 'needs_recoding': False}",10/20/16 16:15,126
127,10878087,600,10/21/16 18:33,10/21/16 18:43,3016,34.052898,-118.241562,3032,34.049889,-118.255882,6728,30,One Way,Monthly Pass,"{'longitude': '-118.241562', 'latitude': '34.052898', 'needs_recoding': False}","{'longitude': '-118.255882', 'latitude': '34.049889', 'needs_recoding': False}",10/21/16 18:33,127
128,11123894,540,10/23/16 20:39,10/23/16 20:48,3029,34.048851,-118.246422,3006,34.04554,-118.256668,6728,0,One Way,Walk-up,"{'longitude': '-118.246422', 'latitude': '34.048851', 'needs_recoding': False}","{'longitude': '-118.256668', 'latitude': '34.04554', 'needs_recoding': False}",10/23/16 20:39,128
129,11208161,7800,10/24/16 14:30,10/24/16 16:40,3006,34.04554,-118.256668,3064,34.04681,-118.256981,6728,0,One Way,Walk-up,"{'longitude': '-118.256668', 'latitude': '34.04554', 'needs_recoding': False}","{'longitude': '-118.256981', 'latitude': '34.04681', 'needs_recoding': False}",10/24/16 14:30,129
130,11225907,360,10/24/16 20:28,10/24/16 20:34,3064,34.04681,-118.256981,3055,34.044159,-118.251579,6728,30,One Way,Monthly Pass,"{'longitude': '-118.256981', 'latitude': '34.04681', 'needs_recoding': False}","{'longitude': '-118.251579', 'latitude': '34.044159', 'needs_recoding': False}",10/24/16 20:28,130
131,11278972,300,10/25/16 09:05,10/25/16 09:10,3055,34.044159,-118.251579,3005,34.04855,-118.259048,6728,365,One Way,Flex Pass,"{'longitude': '-118.251579', 'latitude': '34.044159', 'needs_recoding': False}","{'longitude': '-118.259048', 'latitude': '34.04855', 'needs_recoding': False}",10/25/16 09:05,131
132,11339228,180,10/25/16 23:35,10/25/16 23:38,3005,34.04855,-118.259048,3074,34.04417,-118.261169,6728,365,One Way,Flex Pass,"{'longitude': '-118.259048', 'latitude': '34.04855', 'needs_recoding': False}","{'longitude': '-118.261169', 'latitude': '34.04417', 'needs_recoding': False}",10/25/16 23:35,132
133,11490130,720,10/27/16 13:29,10/27/16 13:41,3062,34.047749,-118.243172,3048,34.041691,-118.235352,6728,0,One Way,Walk-up,"{'longitude': '-118.243172', 'latitude': '34.047749', 'needs_recoding': False}","{'longitude': '-118.235352', 'latitude': '34.041691', 'needs_recoding': False}",10/27/16 13:29,133
134,11494205,960,10/27/16 14:29,10/27/16 14:45,3048,34.041691,-118.235352,3062,34.047749,-118.243172,6728,0,One Way,Walk-up,"{'longitude': '-118.235352', 'latitude': '34.041691', 'needs_recoding': False}","{'longitude': '-118.243172', 'latitude': '34.047749', 'needs_recoding': False}",10/27/16 14:29,134
135,11506705,780,10/27/16 17:35,10/27/16 17:48,3062,34.047749,-118.243172,3005,34.04855,-118.259048,6728,365,One Way,Flex Pass,"{'longitude': '-118.243172', 'latitude': '34.047749', 'needs_recoding': False}","{'longitude': '-118.259048', 'latitude': '34.04855', 'needs_recoding': False}",10/27/16 17:35,135
136,11510996,180,10/27/16 18:11,10/27/16 18:14,3005,34.04855,-118.259048,3031,34.044701,-118.252441,6728,365,One Way,Flex Pass,"{'longitude': '-118.259048', 'latitude': '34.04855', 'needs_recoding': False}","{'longitude': '-118.252441', 'latitude': '34.044701', 'needs_recoding': False}",10/27/16 18:11,136
137,11688949,660,10/29/16 14:44,10/29/16 14:55,3031,34.044701,-118.252441,3008,34.046612,-118.262733,6728,0,One Way,Walk-up,"{'longitude': '-118.252441', 'latitude': '34.044701', 'needs_recoding': False}","{'longitude': '-118.262733', 'latitude': '34.046612', 'needs_recoding': False}",10/29/16 14:44,137
138,12082648,420,11/2/16 13:35,11/2/16 13:42,3035,34.048401,-118.260948,3063,34.049198,-118.252831,6728,30,One Way,Monthly Pass,"{'longitude': '-118.260948', 'latitude': '34.048401', 'needs_recoding': False}","{'longitude': '-118.252831', 'latitude': '34.049198', 'needs_recoding': False}",11/2/16 13:35,138
139,13092178,900,11/11/16 19:33,11/11/16 19:48,3063,34.049198,-118.252831,3005,34.04855,-118.259048,6728,30,One Way,Monthly Pass,"{'longitude': '-118.252831', 'latitude': '34.049198', 'needs_recoding': False}","{'longitude': '-118.259048', 'latitude': '34.04855', 'needs_recoding': False}",11/11/16 19:33,139
140,13164369,1320,11/12/16 12:08,11/12/16 12:30,3024,34.05772,-118.24897,3016,34.052898,-118.241562,6728,0,One Way,Walk-up,"{'longitude': '-118.24897', 'latitude': '34.05772', 'needs_recoding': False}","{'longitude': '-118.241562', 'latitude': '34.052898', 'needs_recoding': False}",11/12/16 12:08,140
141,13164343,840,11/12/16 12:30,11/12/16 12:44,3016,34.052898,-118.241562,3082,34.04652,-118.237411,6728,NA,One Way,Staff Annual,"{'longitude': '-118.241562', 'latitude': '34.052898', 'needs_recoding': False}","{'longitude': '-118.237411', 'latitude': '34.04652', 'needs_recoding': False}",11/12/16 12:30,141
142,13168630,480,11/12/16 13:21,11/12/16 13:29,3082,34.04652,-118.237411,3058,34.035801,-118.23317,6728,365,One Way,Flex Pass,"{'longitude': '-118.237411', 'latitude': '34.04652', 'needs_recoding': False}","{'longitude': '-118.23317', 'latitude': '34.035801', 'needs_recoding': False}",11/12/16 13:21,142
143,13287144,1260,11/13/16 16:31,11/13/16 16:52,3058,34.035801,-118.23317,3036,34.039188,-118.232529,6728,0,One Way,Walk-up,"{'longitude': '-118.23317', 'latitude': '34.035801', 'needs_recoding': False}","{'longitude': '-118.232529', 'latitude': '34.039188', 'needs_recoding': False}",11/13/16 16:31,143
144,13601367,1200,11/16/16 16:30,11/16/16 16:50,3036,34.039188,-118.232529,3082,34.04652,-118.237411,6728,30,One Way,Monthly Pass,"{'longitude': '-118.232529', 'latitude': '34.039188', 'needs_recoding': False}","{'longitude': '-118.237411', 'latitude': '34.04652', 'needs_recoding': False}",11/16/16 16:30,144
145,13610640,1380,11/16/16 18:05,11/16/16 18:28,3082,34.04652,-118.237411,3048,34.041691,-118.235352,6728,0,One Way,Walk-up,"{'longitude': '-118.237411', 'latitude': '34.04652', 'needs_recoding': False}","{'longitude': '-118.235352', 'latitude': '34.041691', 'needs_recoding': False}",11/16/16 18:05,145
146,13615333,1560,11/16/16 19:03,11/16/16 19:29,3048,34.041691,-118.235352,3042,34.049301,-118.238808,6728,0,One Way,Walk-up,"{'longitude': '-118.235352', 'latitude': '34.041691', 'needs_recoding': False}","{'longitude': '-118.238808', 'latitude': '34.049301', 'needs_recoding': False}",11/16/16 19:03,146
147,13679570,1080,11/17/16 11:30,11/17/16 11:48,3042,34.049301,-118.238808,3042,34.049301,-118.238808,6728,0,Round Trip,Walk-up,"{'longitude': '-118.238808', 'latitude': '34.049301', 'needs_recoding': False}","{'longitude': '-118.238808', 'latitude': '34.049301', 'needs_recoding': False}",11/17/16 11:30,147
148,13697147,600,11/17/16 16:08,11/17/16 16:18,3030,34.051941,-118.24353,3014,34.05661,-118.237213,6728,30,One Way,Monthly Pass,"{'longitude': '-118.24353', 'latitude': '34.051941', 'needs_recoding': False}","{'longitude': '-118.237213', 'latitude': '34.05661', 'needs_recoding': False}",11/17/16 16:08,148
149,13766957,780,11/18/16 08:36,11/18/16 08:49,3014,34.05661,-118.237213,3048,34.041691,-118.235352,6728,0,One Way,Walk-up,"{'longitude': '-118.237213', 'latitude': '34.05661', 'needs_recoding': False}","{'longitude': '-118.235352', 'latitude': '34.041691', 'needs_recoding': False}",11/18/16 08:36,149
150,13811057,720,11/18/16 18:01,11/18/16 18:13,3048,34.041691,-118.235352,3037,34.034801,-118.231277,6728,0,One Way,Walk-up,"{'longitude': '-118.235352', 'latitude': '34.041691', 'needs_recoding': False}","{'longitude': '-118.231277', 'latitude': '34.034801', 'needs_recoding': False}",11/18/16 18:01,150
151,15657550,480,12/11/16 00:03,12/11/16 00:11,3029,34.048851,-118.246422,3082,34.04652,-118.237411,6728,30,One Way,Monthly Pass,"{'longitude': '-118.246422', 'latitude': '34.048851', 'needs_recoding': False}","{'longitude': '-118.237411', 'latitude': '34.04652', 'needs_recoding': False}",12/11/16 00:03,151
152,15705027,14220,12/11/16 09:40,12/11/16 13:37,3082,34.04652,-118.237411,3000,NA,NA,6728,365,One Way,Flex Pass,"{'longitude': '-118.237411', 'latitude': '34.04652', 'needs_recoding': False}",,12/11/16 09:40,152
153,15780815,900,12/12/16 10:16,12/12/16 10:31,3064,34.04681,-118.256981,3007,34.05048,-118.254593,6728,0,One Way,Walk-up,"{'longitude': '-118.256981', 'latitude': '34.04681', 'needs_recoding': False}","{'longitude': '-118.254593', 'latitude': '34.05048', 'needs_recoding': False}",12/12/16 10:16,153
154,15874286,480,12/13/16 13:42,12/13/16 13:50,3007,34.05048,-118.254593,3034,34.042061,-118.263382,6728,30,One Way,Monthly Pass,"{'longitude': '-118.254593', 'latitude': '34.05048', 'needs_recoding': False}","{'longitude': '-118.263382', 'latitude': '34.042061', 'needs_recoding': False}",12/13/16 13:42,154
155,16108675,780,12/16/16 13:22,12/16/16 13:35,3034,34.042061,-118.263382,3069,34.05088,-118.248253,6728,0,One Way,Walk-up,"{'longitude': '-118.263382', 'latitude': '34.042061', 'needs_recoding': False}","{'longitude': '-118.248253', 'latitude': '34.05088', 'needs_recoding': False}",12/16/16 13:22,155
156,16111734,720,12/16/16 14:13,12/16/16 14:25,3069,34.05088,-118.248253,3034,34.042061,-118.263382,6728,0,One Way,Walk-up,"{'longitude': '-118.248253', 'latitude': '34.05088', 'needs_recoding': False}","{'longitude': '-118.263382', 'latitude': '34.042061', 'needs_recoding': False}",12/16/16 14:13,156
157,16335240,420,12/19/16 18:16,12/19/16 18:23,3034,34.042061,-118.263382,3005,34.04855,-118.259048,6728,30,One Way,Monthly Pass,"{'longitude': '-118.263382', 'latitude': '34.042061', 'needs_recoding': False}","{'longitude': '-118.259048', 'latitude': '34.04855', 'needs_recoding': False}",12/19/16 18:16,157
158,16341369,1740,12/19/16 20:05,12/19/16 20:34,3005,34.04855,-118.259048,3008,34.046612,-118.262733,6728,30,One Way,Monthly Pass,"{'longitude': '-118.259048', 'latitude': '34.04855', 'needs_recoding': False}","{'longitude': '-118.262733', 'latitude': '34.046612', 'needs_recoding': False}",12/19/16 20:05,158
159,16522734,360,12/22/16 13:20,12/22/16 13:26,3052,34.051102,-118.264557,3064,34.04681,-118.256981,6728,30,One Way,Monthly Pass,"{'longitude': '-118.264557', 'latitude': '34.051102', 'needs_recoding': False}","{'longitude': '-118.256981', 'latitude': '34.04681', 'needs_recoding': False}",12/22/16 13:20,159
160,16648952,360,12/24/16 11:42,12/24/16 11:48,3068,34.0532,-118.250954,3035,34.048401,-118.260948,6728,30,One Way,Monthly Pass,"{'longitude': '-118.250954', 'latitude': '34.0532', 'needs_recoding': False}","{'longitude': '-118.260948', 'latitude': '34.048401', 'needs_recoding': False}",12/24/16 11:42,160
161,16659527,720,12/24/16 14:50,12/24/16 15:02,3035,34.048401,-118.260948,3067,34.045181,-118.250237,6728,0,One Way,Walk-up,"{'longitude': '-118.260948', 'latitude': '34.048401', 'needs_recoding': False}","{'longitude': '-118.250237', 'latitude': '34.045181', 'needs_recoding': False}",12/24/16 14:50,161
162,16721111,1800,12/25/16 14:56,12/25/16 15:26,3067,34.045181,-118.250237,3014,34.05661,-118.237213,6728,0,One Way,Walk-up,"{'longitude': '-118.250237', 'latitude': '34.045181', 'needs_recoding': False}","{'longitude': '-118.237213', 'latitude': '34.05661', 'needs_recoding': False}",12/25/16 14:56,162
163,16880631,300,12/28/16 17:52,12/28/16 17:57,3014,34.05661,-118.237213,3016,34.052898,-118.241562,6728,30,One Way,Monthly Pass,"{'longitude': '-118.237213', 'latitude': '34.05661', 'needs_recoding': False}","{'longitude': '-118.241562', 'latitude': '34.052898', 'needs_recoding': False}",12/28/16 17:52,163
164,16978279,60,12/30/16 13:57,12/30/16 13:58,3016,34.052898,-118.241562,3023,34.050911,-118.240967,6728,30,One Way,Monthly Pass,"{'longitude': '-118.241562', 'latitude': '34.052898', 'needs_recoding': False}","{'longitude': '-118.240967', 'latitude': '34.050911', 'needs_recoding': False}",12/30/16 13:57,164
165,17093615,2040,1/1/17 14:54,1/1/17 15:28,3068,34.0532,-118.250954,3018,34.043732,-118.260139,6728,0,One Way,Walk-up,,"{'longitude': '-118.260139', 'latitude': '34.043732', 'needs_recoding': False}",1/1/17 14:54,165
166,17224308,480,1/3/17 21:44,1/3/17 21:52,3018,34.043732,-118.260139,3019,34.038609,-118.260857,6728,0,One Way,Walk-up,,"{'longitude': '-118.260857', 'latitude': '34.038609', 'needs_recoding': False}",1/3/17 21:44,166
167,17350451,480,1/6/17 06:18,1/6/17 06:26,3019,34.038609,-118.260857,3020,34.031052,-118.26709,6728,30,One Way,Monthly Pass,,"{'longitude': '-118.26709', 'latitude': '34.031052', 'needs_recoding': False}",1/6/17 06:18,167
168,17374846,960,1/6/17 16:13,1/6/17 16:29,3020,34.031052,-118.26709,3067,34.045181,-118.250237,6728,30,One Way,Monthly Pass,,"{'longitude': '-118.250237', 'latitude': '34.045181', 'needs_recoding': False}",1/6/17 16:13,168
169,17486887,840,1/8/17 09:44,1/8/17 09:58,3067,34.045181,-118.250237,3064,34.04681,-118.256981,6728,0,One Way,Walk-up,,"{'longitude': '-118.256981', 'latitude': '34.04681', 'needs_recoding': False}",1/8/17 09:44,169
170,17655212,300,1/10/17 19:56,1/10/17 20:01,3064,34.04681,-118.256981,3035,34.048401,-118.260948,6728,30,One Way,Monthly Pass,,"{'longitude': '-118.260948', 'latitude': '34.048401', 'needs_recoding': False}",1/10/17 19:56,170
171,17655204,240,1/10/17 20:19,1/10/17 20:23,3035,34.048401,-118.260948,3064,34.04681,-118.256981,6728,30,One Way,Monthly Pass,,"{'longitude': '-118.256981', 'latitude': '34.04681', 'needs_recoding': False}",1/10/17 20:19,171
172,17713915,240,1/11/17 18:07,1/11/17 18:11,3064,34.04681,-118.256981,3063,34.049198,-118.252831,6728,30,One Way,Monthly Pass,,"{'longitude': '-118.252831', 'latitude': '34.049198', 'needs_recoding': False}",1/11/17 18:07,172
173,18124941,420,1/18/17 10:47,1/18/17 10:54,3063,34.049198,-118.252831,3018,34.043732,-118.260139,6728,365,One Way,Flex Pass,,"{'longitude': '-118.260139', 'latitude': '34.043732', 'needs_recoding': False}",1/18/17 10:47,173
174,18132582,840,1/18/17 13:44,1/18/17 13:58,3018,34.043732,-118.260139,3063,34.049198,-118.252831,6728,365,One Way,Flex Pass,,"{'longitude': '-118.252831', 'latitude': '34.049198', 'needs_recoding': False}",1/18/17 13:44,174
175,18800982,1320,1/28/17 23:16,1/28/17 23:38,3027,34.04998,-118.247162,3042,34.049301,-118.238808,6728,0,One Way,Walk-up,,"{'longitude': '-118.238808', 'latitude': '34.049301', 'needs_recoding': False}",1/28/17 23:16,175
176,18844360,780,1/29/17 14:41,1/29/17 14:54,3042,34.049301,-118.238808,3042,34.049301,-118.238808,6728,0,Round Trip,Walk-up,,"{'longitude': '-118.238808', 'latitude': '34.049301', 'needs_recoding': False}",1/29/17 14:41,176
177,18853808,1080,1/29/17 16:52,1/29/17 17:10,3068,34.0532,-118.250954,3018,34.043732,-118.260139,6728,0,One Way,Walk-up,,"{'longitude': '-118.260139', 'latitude': '34.043732', 'needs_recoding': False}",1/29/17 16:52,177
178,18901645,480,1/30/17 08:30,1/30/17 08:38,3018,34.043732,-118.260139,3063,34.049198,-118.252831,6728,30,One Way,Monthly Pass,,"{'longitude': '-118.252831', 'latitude': '34.049198', 'needs_recoding': False}",1/30/17 08:30,178
179,18927765,360,1/30/17 16:01,1/30/17 16:07,3063,34.049198,-118.252831,3074,34.04417,-118.261169,6728,30,One Way,Monthly Pass,,"{'longitude': '-118.261169', 'latitude': '34.04417', 'needs_recoding': False}",1/30/17 16:01,179
180,18934671,1380,1/30/17 17:38,1/30/17 18:01,3074,34.04417,-118.261169,3035,34.048401,-118.260948,6728,0,One Way,Walk-up,,"{'longitude': '-118.260948', 'latitude': '34.048401', 'needs_recoding': False}",1/30/17 17:38,180
181,18934642,60,1/30/17 18:06,1/30/17 18:07,3035,34.048401,-118.260948,3035,34.048401,-118.260948,6728,30,Round Trip,Monthly Pass,,"{'longitude': '-118.260948', 'latitude': '34.048401', 'needs_recoding': False}",1/30/17 18:06,181
182,18941656,840,1/30/17 20:19,1/30/17 20:33,3035,34.048401,-118.260948,3040,34.05357,-118.266357,6728,0,One Way,Walk-up,,"{'longitude': '-118.266357', 'latitude': '34.05357', 'needs_recoding': False}",1/30/17 20:19,182
183,19821114,540,2/11/17 17:42,2/11/17 17:51,3040,34.05357,-118.266357,3040,34.05357,-118.266357,6728,30,Round Trip,Monthly Pass,,"{'longitude': '-118.266357', 'latitude': '34.05357', 'needs_recoding': False}",2/11/17 17:42,183
184,19823767,780,2/11/17 17:51,2/11/17 18:04,3040,34.05357,-118.266357,3011,34.04113,-118.267982,6728,30,One Way,Monthly Pass,,"{'longitude': '-118.267982', 'latitude': '34.04113', 'needs_recoding': False}",2/11/17 17:51,184
185,20317186,4560,2/18/17 16:47,2/18/17 18:03,3011,34.04113,-118.267982,3011,34.04113,-118.267982,6728,0,Round Trip,Walk-up,,"{'longitude': '-118.267982', 'latitude': '34.04113', 'needs_recoding': False}",2/18/17 16:47,185
186,20435759,2340,2/20/17 11:46,2/20/17 12:25,3011,34.04113,-118.267982,3042,34.049301,-118.238808,6728,0,One Way,Walk-up,,"{'longitude': '-118.238808', 'latitude': '34.049301', 'needs_recoding': False}",2/20/17 11:46,186
187,20495415,240,2/21/17 12:22,2/21/17 12:26,3027,34.04998,-118.247162,3030,34.051941,-118.24353,6728,30,One Way,Monthly Pass,,"{'longitude': '-118.24353', 'latitude': '34.051941', 'needs_recoding': False}",2/21/17 12:22,187
188,20497874,540,2/21/17 13:13,2/21/17 13:22,3030,34.051941,-118.24353,3032,34.049889,-118.255882,6728,30,One Way,Monthly Pass,,"{'longitude': '-118.255882', 'latitude': '34.049889', 'needs_recoding': False}",2/21/17 13:13,188
189,20672810,1020,2/24/17 13:02,2/24/17 13:19,3068,34.0532,-118.250954,3000,NA,NA,6728,30,One Way,Monthly Pass,,,2/24/17 13:02,189
190,20687981,480,2/24/17 18:57,2/24/17 19:05,3064,34.04681,-118.256981,3056,34.03746,-118.265381,6728,30,One Way,Monthly Pass,,"{'longitude': '-118.265381', 'latitude': '34.03746', 'needs_recoding': False}",2/24/17 18:57,190
191,20810253,480,2/26/17 11:14,2/26/17 11:22,3056,34.03746,-118.265381,3018,34.043732,-118.260139,6728,30,One Way,Monthly Pass,,"{'longitude': '-118.260139', 'latitude': '34.043732', 'needs_recoding': False}",2/26/17 11:14,191
192,20810250,300,2/26/17 11:35,2/26/17 11:40,3018,34.043732,-118.260139,3056,34.03746,-118.265381,6728,30,One Way,Monthly Pass,,"{'longitude': '-118.265381', 'latitude': '34.03746', 'needs_recoding': False}",2/26/17 11:35,192
193,21670649,1680,3/9/17 12:41,3/9/17 13:09,3056,34.03746,-118.265381,3056,34.03746,-118.265381,6728,30,Round Trip,Monthly Pass,,"{'longitude': '-118.265381', 'latitude': '34.03746', 'needs_recoding': False}",3/9/17 12:41,193
194,21681093,600,3/9/17 16:11,3/9/17 16:21,3056,34.03746,-118.265381,3032,34.049889,-118.255882,6728,30,One Way,Monthly Pass,,"{'longitude': '-118.255882', 'latitude': '34.049889', 'needs_recoding': False}",3/9/17 16:11,194
195,22025348,420,3/13/17 14:09,3/13/17 14:16,3032,34.049889,-118.255882,3035,34.048401,-118.260948,6728,30,One Way,Monthly Pass,,"{'longitude': '-118.260948', 'latitude': '34.048401', 'needs_recoding': False}",3/13/17 14:09,195
196,22033235,60,3/13/17 16:31,3/13/17 16:32,3035,34.048401,-118.260948,3035,34.048401,-118.260948,6728,0,Round Trip,Walk-up,,"{'longitude': '-118.260948', 'latitude': '34.048401', 'needs_recoding': False}",3/13/17 16:31,196
197,22057852,240,3/13/17 22:07,3/13/17 22:11,3035,34.048401,-118.260948,3008,34.046612,-118.262733,6728,30,One Way,Monthly Pass,,"{'longitude': '-118.262733', 'latitude': '34.046612', 'needs_recoding': False}",3/13/17 22:07,197
198,22113350,480,3/14/17 13:16,3/14/17 13:24,3068,34.0532,-118.250954,3082,34.04652,-118.237411,6728,30,One Way,Monthly Pass,,"{'longitude': '-118.237411', 'latitude': '34.04652', 'needs_recoding': False}",3/14/17 13:16,198
199,22137529,360,3/14/17 19:20,3/14/17 19:26,3082,34.04652,-118.237411,3038,34.046822,-118.248352,6728,30,One Way,Monthly Pass,,"{'longitude': '-118.248352', 'latitude': '34.046822', 'needs_recoding': False}",3/14/17 19:20,199
200,22154508,480,3/14/17 23:38,3/14/17 23:46,3038,34.046822,-118.248352,3048,34.041691,-118.235352,6728,30,One Way,Monthly Pass,,"{'longitude': '-118.235352', 'latitude': '34.041691', 'needs_recoding': False}",3/14/17 23:38,200
201,22187646,480,3/15/17 07:58,3/15/17 08:06,3048,34.041691,-118.235352,3069,34.05088,-118.248253,6728,30,One Way,Monthly Pass,,"{'longitude': '-118.248253', 'latitude': '34.05088', 'needs_recoding': False}",3/15/17 07:58,201
202,22203012,1620,3/15/17 11:38,3/15/17 12:05,3069,34.05088,-118.248253,3069,34.05088,-118.248253,6728,0,Round Trip,Walk-up,,"{'longitude': '-118.248253', 'latitude': '34.05088', 'needs_recoding': False}",3/15/17 11:38,202
203,22214932,360,3/15/17 14:58,3/15/17 15:04,3069,34.05088,-118.248253,3048,34.041691,-118.235352,6728,30,One Way,Monthly Pass,,"{'longitude': '-118.235352', 'latitude': '34.041691', 'needs_recoding': False}",3/15/17 14:58,203
204,22218978,1080,3/15/17 16:28,3/15/17 16:46,3048,34.041691,-118.235352,3063,34.049198,-118.252831,6728,0,One Way,Walk-up,,"{'longitude': '-118.252831', 'latitude': '34.049198', 'needs_recoding': False}",3/15/17 16:28,204
205,22231460,180,3/15/17 19:14,3/15/17 19:17,3063,34.049198,-118.252831,3064,34.04681,-118.256981,6728,30,One Way,Monthly Pass,,"{'longitude': '-118.256981', 'latitude': '34.04681', 'needs_recoding': False}",3/15/17 19:14,205
206,22239997,180,3/15/17 21:43,3/15/17 21:46,3064,34.04681,-118.256981,3031,34.044701,-118.252441,6728,30,One Way,Monthly Pass,,"{'longitude': '-118.252441', 'latitude': '34.044701', 'needs_recoding': False}",3/15/17 21:43,206
207,22286467,240,3/16/17 09:09,3/16/17 09:13,3031,34.044701,-118.252441,3046,34.05302,-118.247948,6728,30,One Way,Monthly Pass,,"{'longitude': '-118.247948', 'latitude': '34.05302', 'needs_recoding': False}",3/16/17 09:09,207
208,22322962,360,3/16/17 18:35,3/16/17 18:41,3046,34.05302,-118.247948,3014,34.05661,-118.237213,6728,0,One Way,Walk-up,,"{'longitude': '-118.237213', 'latitude': '34.05661', 'needs_recoding': False}",3/16/17 18:35,208
209,22331557,360,3/16/17 20:25,3/16/17 20:31,3014,34.05661,-118.237213,3062,34.047749,-118.243172,6728,30,One Way,Monthly Pass,,"{'longitude': '-118.243172', 'latitude': '34.047749', 'needs_recoding': False}",3/16/17 20:25,209
210,22381462,720,3/17/17 09:08,3/17/17 09:20,3062,34.047749,-118.243172,3075,34.04211,-118.256187,6728,30,One Way,Monthly Pass,,"{'longitude': '-118.256187', 'latitude': '34.04211', 'needs_recoding': False}",3/17/17 09:08,210
211,22420813,480,3/17/17 19:03,3/17/17 19:11,3075,34.04211,-118.256187,3038,34.046822,-118.248352,6728,30,One Way,Monthly Pass,,"{'longitude': '-118.248352', 'latitude': '34.046822', 'needs_recoding': False}",3/17/17 19:03,211
212,22429173,2160,3/17/17 21:20,3/17/17 21:56,3038,34.046822,-118.248352,3046,34.05302,-118.247948,6728,0,One Way,Walk-up,,"{'longitude': '-118.247948', 'latitude': '34.05302', 'needs_recoding': False}",3/17/17 21:20,212
213,22599621,59220,3/19/17 01:10,3/19/17 17:37,3046,34.05302,-118.247948,3031,34.044701,-118.252441,6728,365,One Way,Flex Pass,,"{'longitude': '-118.252441', 'latitude': '34.044701', 'needs_recoding': False}",3/19/17 01:10,213
214,22611617,960,3/19/17 20:06,3/19/17 20:22,3031,34.044701,-118.252441,3035,34.048401,-118.260948,6728,30,One Way,Monthly Pass,,"{'longitude': '-118.260948', 'latitude': '34.048401', 'needs_recoding': False}",3/19/17 20:06,214
215,22869179,3600,3/22/17 18:31,3/22/17 19:31,3052,34.051102,-118.264557,3020,34.031052,-118.26709,6728,0,One Way,Walk-up,,"{'longitude': '-118.26709', 'latitude': '34.031052', 'needs_recoding': False}",3/22/17 18:31,215
216,23210589,37920,3/26/17 10:35,3/26/17 21:07,3020,34.031052,-118.26709,3047,34.039982,-118.266403,6728,30,One Way,Monthly Pass,,"{'longitude': '-118.266403', 'latitude': '34.039982', 'needs_recoding': False}",3/26/17 10:35,216
217,23425763,600,3/29/17 08:13,3/29/17 08:23,3047,34.039982,-118.266403,3069,34.05088,-118.248253,6728,0,One Way,Walk-up,,"{'longitude': '-118.248253', 'latitude': '34.05088', 'needs_recoding': False}",3/29/17 08:13,217
218,23440987,600,3/29/17 12:45,3/29/17 12:55,3069,34.05088,-118.248253,3062,34.047749,-118.243172,6728,0,One Way,Walk-up,,"{'longitude': '-118.243172', 'latitude': '34.047749', 'needs_recoding': False}",3/29/17 12:45,218
219,23460963,540,3/29/17 17:02,3/29/17 17:11,3062,34.047749,-118.243172,3014,34.05661,-118.237213,6728,30,One Way,Monthly Pass,,"{'longitude': '-118.237213', 'latitude': '34.05661', 'needs_recoding': False}",3/29/17 17:02,219
220,23635431,420,3/31/17 17:02,3/31/17 17:09,3024,34.05772,-118.24897,3042,34.049301,-118.238808,6728,30,One Way,Monthly Pass,,"{'longitude': '-118.238808', 'latitude': '34.049301', 'needs_recoding': False}",3/31/17 17:02,220